id,topicid,question,optionA,optionB,optionC,optionD,answer,image,explanation,difficulty
101,1,"Without doing any calculations, determine whether this circuit is inverting or non-inverting? Justify your answer.",Inverting because the output is fed back to the inverting terminal,Non-inverting because Vin is applied to the non-inverting terminal.,"Inverting, because Vout is connected to the inverting terminal through R2.",Non-inverting because R1 is connected to ground.,optionB,https://raw.githubusercontent.com/jlohix/Duoling-for-CA/main/2526_Q1.png,"Vin enters the (+) terminal, so the output changes in the same direction as the input. Hence, it is a non-inverting amplifier. For an ideal op-amp, no input current flows, so there is no voltage drop across Rs, therefore, Rs does not change this conclusion.",1
102,1,"Find the gain of the circuit, Av, which is defined as Vout/Vin",1 + R2/R1,-R2/R1,R2/R1,1 - R2/R1,optionA,https://raw.githubusercontent.com/jlohix/Duoling-for-CA/main/2526_Q1.png,"For a non inverting amplifier, gain = 1 + Rf/Ri where Rf is the feedback resistor connecting the output to the inverting terminal and Ri connects the inverting terminal to ground",1
103,1,Find the equivalent input resistance Rin,Infinite,0,Rs,Rs + R1,optionA,https://raw.githubusercontent.com/jlohix/Duoling-for-CA/main/2526_Q1.png,"For an ideal op-amp, no current enters the non-inverting terminal. R = V/I hence R = V/0 --> infinity",1
104,1,Consider this amplifier circuit with an ideal op amp in figure 2. Determine whether this circuit is inverting or non-inverting.,"Non-inverting, because the (+)  terminal is connected to ground","Non-inverting, because Vout is being fed back through R2","Inverting, because Vin is applied to the (-) terminal through R1",Inverting because Vout is fed back to the (-) terminal,optionC,https://raw.githubusercontent.com/jlohix/Duoling-for-CA/main/2526_Q1b.png,"The input signal is applied to the inverting (-) terminal. Therefore, the output has the opposite polarity to the input.",1
105,1,Find the gain Av in figure 2,1 - R2/R1,1 + R2/R1,R2/R1,-R2/R1,optionD,https://raw.githubusercontent.com/jlohix/Duoling-for-CA/main/2526_Q1b.png,"For an inverting amplifier, gain = - Rf/Ri where Rf is the feedback resistor connecting the output to the inverting terminal and Ri connects the inverting terminal to ground",1
106,1,Find the equivalent input resistance Rin in figure 2,R1,R2,R1+R2,Infinite,optionA,https://raw.githubusercontent.com/jlohix/Duoling-for-CA/main/2526_Q1b.png,"In an ideal op amp, V- = V+ , since V+ is connected to ground, V− =V+ = 0V. Therefore, following current from Vin to 0V, the input source sees R1 only, giving Rin=R1",1
107,1,"Find the gain of the circuit, Av, and express it in terms of gm",\frac{R_{\mathrm{out}}\left(1+g_mR_F\right)}{R_F+R_{\mathrm{out}}},-g_m\left(R_F\parallel R_{\mathrm{out}}\right),\frac{R_F\left(1-g_mR_{\mathrm{out}}\right)}{R_F+R_{\mathrm{out}}},\frac{R_{\mathrm{out}}\left(1-g_mR_F\right)}{R_F+R_{\mathrm{out}}},optionD,https://raw.githubusercontent.com/jlohix/Duoling-for-CA/main/2526_Q1c.png,"At the output node, there are three current paths. Apply KCL at the output node:",1
108,1,Find the equivalent input resistance Rin expressed as a function of Av.,\(\frac{R_1R_F}{R_F+R_1(1+A_v)}\),\(\frac{R_1R_F}{R_F+R_1A_v}\),\(\frac{R_1R_F}{R_F+R_1(1-A_v)}\),\(R_1+\frac{R_F}{1-A_v}\),optionC,https://raw.githubusercontent.com/jlohix/Duoling-for-CA/main/2526_Q1c.png,"The input current splits into two paths: through \(R_1\) and through \(R_F\).

The current through \(R_1\) is

\[
I_1=\frac{V_{\mathrm{in}}}{R_1}.
\]

The current through \(R_F\) is

\[
I_F=\frac{V_{\mathrm{in}}-V_{\mathrm{out}}}{R_F}.
\]

Since \(A_v=\frac{V_{\mathrm{out}}}{V_{\mathrm{in}}}\), we have \(V_{\mathrm{out}}=A_vV_{\mathrm{in}}\). Therefore,

\[
I_F=\frac{V_{\mathrm{in}}(1-A_v)}{R_F}.
\]

The total input current is

\[
I_{\mathrm{in}}
=\frac{V_{\mathrm{in}}}{R_1}
+\frac{V_{\mathrm{in}}(1-A_v)}{R_F}.
\]

Using \(R_{\mathrm{in}}=\frac{V_{\mathrm{in}}}{I_{\mathrm{in}}}\), the equivalent input resistance is

\[
\boxed{R_{\mathrm{in}}
=\frac{R_1R_F}{R_F+R_1(1-A_v)}}.
\]",1
